movie_id,authority,rating









2066560,Egypt,All Ages





2064895,Egypt,+12

2064814,Egypt,+16
2061752,Egypt,+12

2060752,Egypt,+12
2060630,Egypt,All Ages



2059298,Egypt,+12
2058957,Egypt,All Ages
2058234,Egypt,All Ages


2055450,Egypt,All Ages



2049137,Egypt,+12

2067115,Egypt,+16

2066608,Egypt,+18


2065769,Egypt,All Ages



2064980,Egypt,All Ages
2064930,Egypt,+18

2064839,Egypt,All Ages



2061519,Egypt,All Ages

2061237,Egypt,+12


2060143,Egypt,+12
2059698,Egypt,+12

2059355,Egypt,+18

2058816,Egypt,+16
2058423,Egypt,All Ages
2058233,Egypt,+12
2058218,Egypt,All Ages
2056313,Egypt,+12

2053987,Egypt,+18
2053759,Egypt,+12
2053246,Egypt,+16
2052844,Egypt,+12
2052679,Egypt,+16




2007909,Egypt,All Ages

2041229,Egypt,+12













2059095,Egypt,All Ages

2058370,Egypt,All Ages
2057952,Egypt,+12
2057823,Egypt,+12





2056773,elCinema.com,Adult Supervision


2056281,Egypt,All Ages



2055503,Egypt,All Ages
2055129,Egypt,All Ages
2055115,Egypt,All Ages
2055064,Egypt,All Ages

2054468,elCinema.com,Adults Only (18+)
2054216,Egypt,All Ages
2054123,Egypt,+16
2054027,Egypt,+12
2052720,Egypt,All Ages
2052708,Egypt,+12
2052495,Egypt,All Ages
2052471,elCinema.com,Adults Only (18+)
2052323,Egypt,All Ages

2051732,elCinema.com,Adult Supervision
2051193,Egypt,All Ages
2051055,Egypt,+12
2050653,Egypt,+12
2050591,Egypt,All Ages
2050062,Egypt,All Ages
2050051,Egypt,+16
2049915,Egypt,+18
2049077,Egypt,All Ages
2048727,elCinema.com,Family (all ages)
2047740,Egypt,+16
2046552,Egypt,+16

2018733,Egypt,+12


2057080,Egypt,All Ages
2057077,Egypt,All Ages
2057069,Egypt,All Ages






2053666,Egypt,All Ages


2052991,Egypt,+12
2051923,Egypt,All Ages
2051898,Egypt,+12



2051546,Egypt,+12
2051400,Egypt,All Ages

2051096,Egypt,All Ages
2051037,Egypt,+12
2051036,Egypt,All Ages
2051035,Egypt,All Ages

2050756,MPAA,Unrated


2050421,Egypt,+12
2050323,Egypt,All Ages

2050036,Egypt,All Ages
2049932,Egypt,All Ages
2049762,Egypt,+12
2049624,Egypt,All Ages
2049532,Egypt,All Ages

2049108,Egypt,+16
2048780,Egypt,+18
2048650,elCinema.com,Adult Supervision
2048615,Egypt,All Ages
2048167,Egypt,+16

2048098,Egypt,+12
2047938,Egypt,+12
2047854,Egypt,All Ages
2047852,Egypt,+12
2047725,Egypt,All Ages
2047456,Egypt,+12

2045976,Egypt,+12
2044228,Egypt,+16
2044189,Egypt,+18
2044028,Egypt,+16
2033904,Egypt,+18
2022171,MPAA,R
2042201,Egypt,+12
2043126,Egypt,All Ages
2033904,Egypt,+18
2022171,MPAA,R
2043126,Egypt,All Ages

2033904,Egypt,+18
2043126,Egypt,All Ages








2048887,Egypt,+16
2048605,Egypt,All Ages


2048016,Egypt,+16
2047945,Egypt,+12
2047919,Egypt,All Ages
2047883,Egypt,+12

2047624,elCinema.com,Adult Supervision
2047604,Egypt,+16





2046595,Egypt,+12

2046547,Egypt,+12
2046519,Egypt,+12

2046449,Egypt,+16


2045753,Egypt,+16
2045674,Egypt,+16
2045603,Egypt,+16
2045601,Egypt,+12

2045048,Egypt,+16
2045043,Egypt,+12
2045006,Egypt,All Ages
2044362,Egypt,+12
2044358,Egypt,+12
2044266,Egypt,All Ages

2042884,Egypt,+16
2041091,Egypt,+12


2024755,Egypt,+16


2041312,Egypt,+12
2026156,Egypt,All Ages



2041312,Egypt,+12
2041204,Egypt,+16
1479180,Egypt,All Ages
2026156,Egypt,All Ages
2034424,Egypt,+12


2019219,Egypt,+16










2045556,MPAA,PG
2045538,MPAA,PG
2045277,MPAA,Unrated
2045275,MPAA,Unrated


2044411,Egypt,+12
2044097,elCinema.com,Adult Supervision
2044027,elCinema.com,Adult Supervision
2043957,elCinema.com,Adult Supervision
2043953,Egypt,+18
2043853,elCinema.com,Adult Supervision
2043798,elCinema.com,Adult Supervision


2037625,Egypt,+12
2043167,elCinema.com,Adult Supervision
2042309,elCinema.com,Family (all ages)
2040051,elCinema.com,Adult Supervision
2042974,MPAA,Unrated
2041322,elCinema.com,Adults Only (18+)
2040518,elCinema.com,Family (all ages)
2041432,MPAA,G
2040399,MPAA,Unrated
2042090,elCinema.com,Family (all ages)
2040159,Egypt,All Ages
2030359,elCinema.com,Adult Supervision

2040814,MPAA,Unrated
2041273,elCinema.com,Family (all ages)




2040734,Egypt,All Ages



2040430,Egypt,+18
2037684,elCinema.com,Adult Supervision
2040189,Egypt,All Ages

2037860,Egypt,All Ages


2042558,elCinema.com,Adult Supervision
2040032,MPAA,Unrated
2042523,elCinema.com,Adult Supervision

1724389,Egypt,+16
2042558,elCinema.com,Adult Supervision





2034286,MPAA,Unrated






2027319,elCinema.com,Adult Supervision
2040092,MPAA,Unrated


2041004,MPAA,G
2037742,Egypt,All Ages
2040327,elCinema.com,Adult Supervision
2035453,elCinema.com,Adult Supervision
2027650,Egypt,+12
2039425,Egypt,All Ages
2036604,Egypt,+8
2036535,elCinema.com,Adult Supervision

2030800,MPAA,Unrated
2033526,elCinema.com,Adult Supervision
2035757,elCinema.com,Adult Supervision
2039299,elCinema.com,Adult Supervision
2027294,elCinema.com,Adult Supervision
2036620,elCinema.com,Adult Supervision
2030431,Egypt,+12


2036881,elCinema.com,Adult Supervision
2034299,elCinema.com,Adults Only (18+)
2030475,elCinema.com,Adults Only (18+)
2036270,elCinema.com,Family (all ages)
2035332,elCinema.com,Adults Only (18+)
2030297,Egypt,All Ages

2036064,MPAA,Unrated

2035103,elCinema.com,Adult Supervision


1010347,elCinema.com,Adult Supervision
2032248,Egypt,All Ages
2034384,elCinema.com,Adult Supervision
2034041,elCinema.com,Adults Only (18+)
2032817,elCinema.com,Adult Supervision
2032873,elCinema.com,Adult Supervision
2030742,elCinema.com,Adults Only (18+)
2032499,elCinema.com,Adult Supervision

2032459,MPAA,Unrated






















1011138,elCinema.com,Adult Supervision
2037031,elCinema.com,Adults Only (18+)




2036398,elCinema.com,Adult Supervision

2027320,elCinema.com,Family (all ages)




2005930,elCinema.com,Adult Supervision
2027711,elCinema.com,Adult Supervision


2029989,Egypt,All Ages
2032773,elCinema.com,Adult Supervision

1341537,elCinema.com,Adult Supervision

2020240,elCinema.com,Adult Supervision
2028402,Egypt,All Ages
2031108,elCinema.com,Adult Supervision
2029813,Egypt,All Ages
2033156,elCinema.com,Adult Supervision
2030601,elCinema.com,Adult Supervision
2033060,Egypt,All Ages
2019662,elCinema.com,Adult Supervision
2029160,Egypt,All Ages
2029814,Egypt,All Ages
2025865,elCinema.com,Family (all ages)
2019799,Egypt,All Ages



2026233,Egypt,All Ages
2030243,Egypt,All Ages
2022405,Egypt,All Ages
2029993,Egypt,All Ages
2029347,elCinema.com,Family (all ages)
2026456,MPAA,Unrated

2021758,elCinema.com,Family (all ages)
2026145,elCinema.com,Adults Only (18+)
2025632,elCinema.com,Adults Only (18+)
2018918,elCinema.com,Adult Supervision
2027144,elCinema.com,Adult Supervision
2018285,elCinema.com,Adult Supervision
2027056,elCinema.com,Family (all ages)
2022240,elCinema.com,Adult Supervision
2010133,elCinema.com,Adults Only (18+)















2057079,Egypt,All Ages


2033652,Egypt,All Ages
1521400,elCinema.com,Adults Only (18+)





2021917,elCinema.com,Adults Only (18+)


2025529,MPAA,NR
2021036,elCinema.com,Adults Only (18+)

2025730,elCinema.com,Adult Supervision
2018829,elCinema.com,Family (all ages)


2021511,elCinema.com,Adult Supervision
2012045,elCinema.com,Adult Supervision
2021414,elCinema.com,Adults Only (18+)
2025534,elCinema.com,Adults Only (18+)
2018480,Egypt,All Ages
2010388,MPAA,Unrated

2005518,elCinema.com,Adults Only (18+)
2007223,MPAA,G
2020280,elCinema.com,Adult Supervision
2018931,elCinema.com,Adult Supervision
2016632,elCinema.com,Adults Only (18+)

1294243,elCinema.com,Adult Supervision
2020082,elCinema.com,Adult Supervision
2017531,elCinema.com,Family (all ages)
2019606,elCinema.com,Adult Supervision
2018696,elCinema.com,Family (all ages)
2005249,Egypt,All Ages

2007825,Egypt,All Ages
2018689,elCinema.com,Adult Supervision












2037198,Egypt,All Ages

2003922,elCinema.com,Adult Supervision
2018955,MPAA,Unrated
1416070,Egypt,All Ages

2004777,elCinema.com,Family (all ages)
2018834,MPAA,Unrated
1390468,elCinema.com,Adult Supervision

1275307,elCinema.com,Family (all ages)
2017768,elCinema.com,Adult Supervision
1178712,Egypt,All Ages

2016635,Egypt,All Ages
1334680,Egypt,All Ages
2018084,Egypt,All Ages
2018558,Egypt,All Ages

2017313,Egypt,All Ages

2005960,Egypt,All Ages
2008910,Egypt,+18

2012060,Egypt,All Ages

2008377,Egypt,+18


2012371,elCinema.com,Family (all ages)
2006333,elCinema.com,Family (all ages)

2006874,Egypt,All Ages

2010446,elCinema.com,Adult Supervision
2011165,Egypt,All Ages





2005087,Egypt,+18























1453872,elCinema.com,Family (all ages)





2012325,Egypt,All Ages

















1242904,MPAA,Unrated






2005521,Egypt,All Ages

1399339,elCinema.com,Adults Only (18+)




2003980,elCinema.com,Adults Only (18+)



1068941,Egypt,+12


























2060948,Egypt,+18




2009223,elCinema.com,Family (all ages)
2003858,elCinema.com,Family (all ages)
2011731,elCinema.com,Family (all ages)







2003859,elCinema.com,Family (all ages)




1783907,elCinema.com,Adults Only (18+)






1131274,elCinema.com,Adult Supervision


1540841,Egypt,All Ages


1354428,Egypt,All Ages
1313173,elCinema.com,Family (all ages)
1010034,Egypt,+12
1992899,Egypt,All Ages



1010349,elCinema.com,Adults Only (18+)



1442517,Egypt,+18
1827195,Egypt,+18


1010039,Egypt,+18









1327200,elCinema.com,Adult Supervision



1011064,Egypt,+18
1576815,Egypt,All Ages










1010518,Egypt,All Ages







1601492,elCinema.com,Family (all ages)

1010357,Egypt,+18





1011627,elCinema.com,Family (all ages)
1449336,Egypt,+16



1010314,Egypt,+18



1011393,Egypt,+18
1011602,Egypt,All Ages









1232950,elCinema.com,Family (all ages)
1010055,Egypt,+18
1011000,elCinema.com,Family (all ages)
1010202,MPAA,Unrated

1010600,elCinema.com,Family (all ages)

1005263,elCinema.com,Family (all ages)

1010519,Egypt,+18
1011334,Egypt,+18


1007770,Egypt,All Ages

1010162,elCinema.com,Adults Only (18+)

1238807,Egypt,All Ages



1010816,Egypt,All Ages




1010070,Egypt,+18



1010350,Egypt,+18
1010515,elCinema.com,Family (all ages)


1011139,elCinema.com,Family (all ages)







1010356,elCinema.com,Adult Supervision


1010054,Egypt,All Ages

1010281,Egypt,All Ages












1007858,elCinema.com,Family (all ages)
1007913,elCinema.com,Family (all ages)



1001585,elCinema.com,Adult Supervision


1002037,Egypt,+18
1004070,elCinema.com,Adult Supervision

1005661,Egypt,All Ages












1004703,Egypt,All Ages




1010017,MPAA,Unrated









1001611,elCinema.com,Family (all ages)

1007172,Egypt,+18


1009131,MPAA,Unrated
1009455,Egypt,All Ages

1010015,Egypt,All Ages





1009104,elCinema.com,Family (all ages)



1006523,elCinema.com,Adult Supervision



1003400,elCinema.com,Family (all ages)
1010035,elCinema.com,Adult Supervision
1010000,Egypt,+18


1010232,Egypt,All Ages





















1010021,Egypt,+18



1005842,Egypt,+18


1010008,elCinema.com,Adult Supervision

1004051,Egypt,All Ages


1010047,elCinema.com,Adult Supervision




1004530,elCinema.com,Adults Only (18+)
1003388,elCinema.com,Family (all ages)
1010016,elCinema.com,Family (all ages)

1010032,Egypt,+18







1779445,elCinema.com,Family (all ages)
1010149,elCinema.com,Adult Supervision

1011313,Egypt,All Ages











1005459,elCinema.com,Adults Only (18+)




1010012,Egypt,All Ages
1010003,Egypt,All Ages
1008073,Egypt,All Ages

1006015,Egypt,All Ages








1010868,elCinema.com,Adults Only (18+)
2034677,elCinema.com,Adults Only (18+)




1010177,Egypt,All Ages
1010230,MPAA,Unrated


1427091,Egypt,All Ages
1001538,Egypt,All Ages
1010051,Egypt,+12
1010151,elCinema.com,Family (all ages)
1010203,Egypt,All Ages




















1001090,elCinema.com,Adult Supervision
1002068,elCinema.com,Family (all ages)

1007744,Egypt,All Ages
1010947,elCinema.com,Adult Supervision
1010235,Egypt,All Ages


1000626,elCinema.com,Family (all ages)








1000982,Egypt,All Ages









1001576,elCinema.com,Adults Only (18+)


1010295,elCinema.com,Adult Supervision
1010123,Egypt,All Ages

1007402,elCinema.com,Family (all ages)



1005518,Egypt,All Ages


1010101,elCinema.com,Adult Supervision
1010213,Egypt,All Ages
1002085,elCinema.com,Family (all ages)


1006048,elCinema.com,Adults Only (18+)








1003449,Egypt,+18



1594780,elCinema.com,Family (all ages)
1007076,Egypt,All Ages

1005536,Egypt,+18
1010968,elCinema.com,Adults Only (18+)

1005536,Egypt,+18
1010145,Egypt,All Ages
1010627,Egypt,+18


1003277,Egypt,All Ages


2001806,Egypt,All Ages


1003419,elCinema.com,Family (all ages)


1010338,elCinema.com,Adults Only (18+)

1011607,elCinema.com,Adult Supervision
1004868,Egypt,All Ages
1007912,Egypt,All Ages




1690008,Egypt,All Ages
1009698,Egypt,All Ages


1010207,Egypt,All Ages

1010102,elCinema.com,Adult Supervision
1010102,elCinema.com,Adult Supervision


1009777,Egypt,All Ages
1009777,Egypt,All Ages

1010026,elCinema.com,Adult Supervision
1009711,elCinema.com,Family (all ages)




1002404,elCinema.com,Adult Supervision

1001525,elCinema.com,Family (all ages)
1010932,elCinema.com,Adult Supervision
1007823,elCinema.com,Adults Only (18+)



1009554,Egypt,+18
1011303,Egypt,All Ages


1139916,elCinema.com,Adult Supervision

1009116,Egypt,All Ages





1002466,Egypt,All Ages



1010150,Egypt,All Ages




1010833,elCinema.com,Adults Only (18+)

1007200,Egypt,All Ages

1007200,Egypt,All Ages



1865087,Egypt,All Ages

2053409,Egypt,All Ages




1011129,elCinema.com,Adult Supervision

1006729,Egypt,All Ages


1002740,Egypt,+18
1010163,Egypt,All Ages

1003972,Egypt,All Ages

1004658,Egypt,All Ages
1520640,Egypt,All Ages










1024001,Egypt,All Ages










1010166,Egypt,All Ages
1008898,elCinema.com,Adult Supervision


1007836,Egypt,All Ages
1000942,Egypt,All Ages



1561252,elCinema.com,Adult Supervision


1008760,Egypt,All Ages
1000241,elCinema.com,Adult Supervision



1003663,Egypt,+16


1005101,elCinema.com,Family (all ages)





1005101,elCinema.com,Family (all ages)






1010491,Egypt,All Ages
1428976,Egypt,All Ages
1277378,Egypt,All Ages
1010124,Egypt,+18
1316608,Egypt,All Ages




1736872,elCinema.com,Adults Only (18+)


1010247,elCinema.com,Family (all ages)







1001313,Egypt,All Ages
1001313,Egypt,All Ages


1007920,Egypt,+18





1010716,Egypt,All Ages
1353927,Egypt,All Ages
1007463,elCinema.com,Adults Only (18+)
1010796,MPAA,Unrated
1001542,elCinema.com,Adults Only (18+)





























1000091,Egypt,All Ages
1010489,elCinema.com,Adult Supervision
1089577,elCinema.com,Adult Supervision
1505256,elCinema.com,Adult Supervision
1008877,Egypt,All Ages

1005985,elCinema.com,Adult Supervision

1003341,elCinema.com,Family (all ages)
1006861,elCinema.com,Adult Supervision
1004818,elCinema.com,Adult Supervision
1007617,Egypt,All Ages

1579694,Egypt,All Ages
1011705,elCinema.com,Adult Supervision
1004695,Egypt,All Ages

1007086,Egypt,All Ages


1639933,Egypt,All Ages




1000714,Egypt,All Ages




2020153,Egypt,All Ages


1010911,elCinema.com,Adult Supervision
















1000358,Egypt,All Ages


2001543,elCinema.com,Family (all ages)

1010234,elCinema.com,Adult Supervision




2026334,MPAA,NR
1007517,Egypt,All Ages

1009838,elCinema.com,Adult Supervision


1009175,Egypt,All Ages

1005762,Egypt,All Ages

1009678,Egypt,All Ages



1010564,Egypt,All Ages
1000323,Egypt,All Ages



















1008493,Egypt,+18
1005848,elCinema.com,Adults Only (18+)


1001372,elCinema.com,Adult Supervision
1499794,elCinema.com,Family (all ages)
1010425,elCinema.com,Family (all ages)


1010589,Egypt,All Ages





1010578,Egypt,All Ages
1011501,Egypt,+16
1010777,elCinema.com,Adult Supervision
1010299,elCinema.com,Family (all ages)
1010586,elCinema.com,Adult Supervision




1005903,elCinema.com,Family (all ages)
1513547,Egypt,All Ages

1010089,elCinema.com,Adult Supervision


1782842,Egypt,+18

1002191,Egypt,All Ages
1263612,Egypt,All Ages








1004782,Egypt,All Ages





1827168,Egypt,All Ages



1004295,Egypt,All Ages
1006718,Egypt,All Ages

1005032,Egypt,All Ages









1168502,elCinema.com,Adult Supervision













1006732,elCinema.com,Adult Supervision


1004288,Egypt,All Ages

1010654,elCinema.com,Adult Supervision

1010305,elCinema.com,Adult Supervision



1010713,elCinema.com,Adult Supervision



1917108,elCinema.com,Family (all ages)
1010407,elCinema.com,Adults Only (18+)
1010810,elCinema.com,Adult Supervision



1009527,Egypt,All Ages
1066040,elCinema.com,Adult Supervision
1567013,Egypt,All Ages
1006865,elCinema.com,Adult Supervision


2003556,Egypt,All Ages
1000034,elCinema.com,Adult Supervision
1544519,Egypt,All Ages
1002631,Egypt,+12
1871592,Egypt,All Ages
1871592,Egypt,All Ages





1073332,Egypt,All Ages
1007967,Egypt,All Ages


1010797,Egypt,All Ages





1867743,Egypt,All Ages
1004232,Egypt,All Ages
1444591,elCinema.com,Family (all ages)
1096573,elCinema.com,Adult Supervision
1009859,elCinema.com,Family (all ages)







1884903,Egypt,All Ages



1527031,Egypt,All Ages



1010410,Egypt,All Ages
1000546,Egypt,All Ages

1010174,Egypt,All Ages
1008146,Egypt,All Ages













1005621,elCinema.com,Family (all ages)


1004038,Egypt,+18
1004038,Egypt,+18
1007370,elCinema.com,Adult Supervision


1010048,elCinema.com,Adult Supervision

1003470,Egypt,+18




1010127,Egypt,All Ages
1006995,Egypt,+16
1010453,Egypt,All Ages
1011706,Egypt,All Ages


1000172,Egypt,All Ages
1000983,elCinema.com,Adults Only (18+)


1010175,elCinema.com,Adult Supervision
1001283,elCinema.com,Adult Supervision
1005239,elCinema.com,Adult Supervision
1006000,elCinema.com,Family (all ages)



1125916,Egypt,+18









1004731,Egypt,All Ages



1000397,elCinema.com,Adult Supervision









1002004,elCinema.com,Adults Only (18+)
1007386,Egypt,All Ages
1003287,elCinema.com,Family (all ages)

1002349,elCinema.com,Family (all ages)
1003597,Egypt,All Ages



1006984,elCinema.com,Adult Supervision


1010311,Egypt,All Ages
1339103,Egypt,All Ages





1010590,Egypt,All Ages



1006300,Egypt,All Ages

1004859,Egypt,All Ages
2011312,Egypt,All Ages




1009776,elCinema.com,Adult Supervision



1008365,elCinema.com,Adult Supervision
1005754,elCinema.com,Adults Only (18+)

1010298,elCinema.com,Adult Supervision



1636983,Egypt,All Ages



1000672,Egypt,All Ages
1010581,Egypt,All Ages

1010329,Egypt,All Ages


1003157,elCinema.com,Adult Supervision



1010653,elCinema.com,Adult Supervision
1008702,Egypt,+12
1010603,elCinema.com,Adults Only (18+)
1010468,elCinema.com,Adult Supervision
1010092,MPAA,Unrated
1005312,Egypt,All Ages
1011702,Egypt,All Ages




1000720,MPAA,NR


1027625,elCinema.com,Family (all ages)
1776144,Egypt,All Ages


1413063,Egypt,All Ages
2012469,Egypt,All Ages













1446150,Egypt,+18













1060350,Egypt,All Ages

1010806,Egypt,All Ages
1008774,Egypt,All Ages















1664062,Egypt,All Ages










1001800,Egypt,All Ages
1181261,elCinema.com,Adults Only (18+)

1007481,Egypt,All Ages
1236898,elCinema.com,Adult Supervision
1010334,elCinema.com,Adult Supervision
1006213,Egypt,All Ages

1010142,Egypt,All Ages
1595216,elCinema.com,Family (all ages)


1004560,elCinema.com,Adult Supervision
1006678,elCinema.com,Family (all ages)
1010469,elCinema.com,Family (all ages)

1003711,Egypt,All Ages
1006073,Egypt,All Ages

1011067,elCinema.com,Adults Only (18+)

1008857,Egypt,All Ages





1011193,elCinema.com,Family (all ages)








1000964,elCinema.com,Adult Supervision





1008449,elCinema.com,Adult Supervision






















1008212,MPAA,Unrated

1011016,Egypt,All Ages
1928525,Egypt,All Ages
1979977,Egypt,All Ages


1010825,Egypt,All Ages
1011240,elCinema.com,Adult Supervision


1008645,Egypt,All Ages
1011191,Egypt,All Ages



1188359,elCinema.com,Adult Supervision



1010114,elCinema.com,Family (all ages)



1000632,elCinema.com,Adult Supervision






2005714,elCinema.com,Family (all ages)
1010226,MPAA,Unrated
1009941,Egypt,All Ages







1000336,elCinema.com,Adult Supervision
1011711,Egypt,All Ages
1010826,elCinema.com,Adults Only (18+)





1010812,Egypt,All Ages













1010543,Egypt,All Ages


2019780,elCinema.com,Adult Supervision







1002406,Egypt,All Ages




1010598,elCinema.com,Family (all ages)


1009068,Egypt,All Ages
1003671,Egypt,All Ages




1001924,elCinema.com,Family (all ages)




1787946,Egypt,All Ages
1259671,Egypt,All Ages
1010960,Egypt,All Ages


1010462,Egypt,All Ages

1682171,elCinema.com,Adult Supervision
1976119,elCinema.com,Adult Supervision

1010536,Egypt,All Ages
1284447,elCinema.com,Family (all ages)
2002230,elCinema.com,Family (all ages)
1350107,Egypt,All Ages

1010538,elCinema.com,Adult Supervision
1227689,elCinema.com,Family (all ages)
1010644,elCinema.com,Adult Supervision



1471200,elCinema.com,Adult Supervision
1010745,elCinema.com,Adult Supervision
1008469,elCinema.com,Adult Supervision
1008469,elCinema.com,Adult Supervision
1010745,elCinema.com,Adult Supervision




1010236,elCinema.com,Adults Only (18+)
1011532,Egypt,All Ages
1002423,Egypt,All Ages

1007663,Egypt,All Ages
1011718,elCinema.com,Adult Supervision
2022498,Egypt,All Ages









1010337,elCinema.com,Adult Supervision

1006852,Egypt,All Ages



1010828,elCinema.com,Adult Supervision





1003682,Egypt,All Ages


1005141,Egypt,All Ages
2026585,Egypt,All Ages




1064918,Egypt,All Ages


1538456,Egypt,All Ages












1001661,Egypt,All Ages

1953061,Egypt,All Ages
1010244,Egypt,All Ages


1004213,Egypt,All Ages
1010461,elCinema.com,Family (all ages)
1010605,elCinema.com,Adult Supervision
1010573,elCinema.com,Adults Only (18+)
1484941,Egypt,All Ages






1531116,Egypt,All Ages

1010373,Egypt,All Ages
1010652,elCinema.com,Family (all ages)

1010135,elCinema.com,Adult Supervision

1011613,elCinema.com,Adult Supervision
1010897,Egypt,All Ages
1011399,Egypt,All Ages








1006083,Egypt,All Ages
1010476,elCinema.com,Adult Supervision


1010965,elCinema.com,Family (all ages)


1001007,Egypt,+16

1003998,elCinema.com,Adult Supervision

1004472,Egypt,All Ages
1003038,Egypt,All Ages

1009504,elCinema.com,Adult Supervision

1003790,Egypt,All Ages







1344697,elCinema.com,Family (all ages)







1007027,Egypt,All Ages
1552716,Egypt,All Ages

1010776,Egypt,All Ages


1010306,elCinema.com,Adult Supervision

1004874,Egypt,All Ages

1003210,Egypt,All Ages


1004617,elCinema.com,Family (all ages)

1369579,Egypt,+18
1007053,elCinema.com,Family (all ages)
1010537,Egypt,All Ages


1178406,Egypt,All Ages
1023511,Egypt,+12




1558950,Egypt,All Ages

1870889,Egypt,All Ages



1005354,MPAA,Unrated
1601196,elCinema.com,Family (all ages)


1005359,Egypt,All Ages
1007954,elCinema.com,Family (all ages)






1001006,elCinema.com,Adult Supervision

1003729,Egypt,All Ages
1007698,elCinema.com,Adult Supervision
1005823,elCinema.com,Adult Supervision
1003537,elCinema.com,Adult Supervision

1010901,elCinema.com,Adult Supervision
1004564,Egypt,All Ages

1010792,Egypt,All Ages

1285463,Egypt,All Ages
1010465,Egypt,All Ages
1010584,Egypt,All Ages
1010300,Egypt,All Ages
1754953,elCinema.com,Adult Supervision


1011227,Egypt,All Ages
1002681,elCinema.com,Adult Supervision
1000031,Egypt,All Ages
1010242,Egypt,All Ages
1011228,elCinema.com,Family (all ages)
1010403,Egypt,All Ages
1010574,Egypt,+18
1001757,Egypt,All Ages



1008084,MPAA,PG
1908961,elCinema.com,Adult Supervision

1010829,Egypt,All Ages
1010216,elCinema.com,Family (all ages)
1010646,Egypt,All Ages

1005772,Egypt,All Ages


1003273,elCinema.com,Family (all ages)




1000642,Egypt,All Ages

1004913,Egypt,All Ages
1883053,Egypt,All Ages
1000737,Egypt,All Ages



1003782,Egypt,All Ages
1788295,elCinema.com,Family (all ages)
1006600,Egypt,All Ages
1526714,Egypt,All Ages
1410349,elCinema.com,Family (all ages)


1000120,elCinema.com,Family (all ages)
1010148,elCinema.com,Adult Supervision


1005996,Egypt,All Ages
1010803,elCinema.com,Adult Supervision







1735345,Egypt,All Ages

2026114,Egypt,All Ages





1000139,Egypt,All Ages



2005091,Egypt,All Ages


1010087,MPAA,Unrated


1003854,elCinema.com,Family (all ages)
1011137,Egypt,All Ages
1007442,elCinema.com,Family (all ages)
1008525,elCinema.com,Adults Only (18+)




1008372,elCinema.com,Adult Supervision



1006896,Egypt,All Ages






1955706,elCinema.com,Adult Supervision
1010804,elCinema.com,Adult Supervision

1002032,elCinema.com,Adults Only (18+)





1009029,elCinema.com,Family (all ages)

1005102,Egypt,All Ages

1665977,Egypt,All Ages


1005938,Egypt,All Ages
1335602,Egypt,All Ages
1010539,Egypt,All Ages
1001257,Egypt,All Ages


1210761,Egypt,All Ages

1004115,Egypt,All Ages
1001923,Egypt,All Ages
1002796,Egypt,All Ages


1010559,elCinema.com,Adult Supervision
1001422,Egypt,All Ages

1010227,elCinema.com,Family (all ages)
1010424,Egypt,All Ages
1004378,Egypt,All Ages


1029318,Egypt,All Ages


1000640,Egypt,All Ages

1001530,elCinema.com,Adult Supervision













1009055,elCinema.com,Adult Supervision
1008228,Egypt,All Ages
1010480,elCinema.com,Adult Supervision
1010499,elCinema.com,Adult Supervision
1011257,Egypt,All Ages
1053875,Egypt,All Ages
1000810,elCinema.com,Adult Supervision



1002174,Egypt,All Ages
1100710,elCinema.com,Family (all ages)
1006340,elCinema.com,Adult Supervision
1010964,Egypt,All Ages

1009367,elCinema.com,Family (all ages)

1003116,elCinema.com,Adult Supervision
1010786,Egypt,All Ages


1346252,elCinema.com,Adults Only (18+)

1010141,Egypt,All Ages
1000421,Egypt,All Ages
1631038,Egypt,All Ages
1003810,Egypt,All Ages
1010301,elCinema.com,Adult Supervision

1002707,elCinema.com,Adults Only (18+)

1010569,elCinema.com,Adults Only (18+)
1003656,Egypt,All Ages

1002268,Egypt,All Ages



1011275,Egypt,All Ages
1005097,Egypt,All Ages
1002407,Egypt,All Ages

1005147,Egypt,All Ages
1001451,Egypt,All Ages

1000969,Egypt,All Ages


1047932,Egypt,All Ages
1419719,Egypt,All Ages



1010674,Egypt,All Ages
1008439,Egypt,All Ages

1008437,elCinema.com,Adult Supervision

1008542,elCinema.com,Adult Supervision


2012610,Egypt,All Ages



1447267,Egypt,All Ages
1256501,Egypt,All Ages


1395721,Egypt,All Ages
1000717,Egypt,All Ages
1011439,elCinema.com,Family (all ages)
1011526,Egypt,All Ages

1007319,elCinema.com,Adult Supervision
1001782,elCinema.com,Adult Supervision
1010467,Egypt,All Ages

1009851,elCinema.com,Adult Supervision
1010587,elCinema.com,Adult Supervision


1001199,Egypt,All Ages





1001704,elCinema.com,Adult Supervision
1008251,elCinema.com,Adult Supervision



1817728,elCinema.com,Family (all ages)
1082595,Egypt,All Ages


1757537,elCinema.com,Family (all ages)

1010479,Egypt,All Ages
1044341,elCinema.com,Family (all ages)
1010793,Egypt,All Ages

1010036,elCinema.com,Family (all ages)

1010133,Egypt,All Ages



1007787,elCinema.com,Adult Supervision
1010131,elCinema.com,Adult Supervision


1010673,Egypt,All Ages
1009561,elCinema.com,Adult Supervision





1515754,Egypt,All Ages



2036534,MPAA,PG







1000571,Egypt,All Ages

1195368,elCinema.com,Family (all ages)


1020360,Egypt,All Ages

1010457,Egypt,+18





1010192,elCinema.com,Family (all ages)





1750104,Egypt,All Ages


1000271,Egypt,All Ages

1714481,Egypt,All Ages


1001044,elCinema.com,Adult Supervision
1007114,elCinema.com,Adult Supervision







1007709,Egypt,All Ages

1007940,elCinema.com,Family (all ages)
1009318,elCinema.com,Family (all ages)













1001746,elCinema.com,Adult Supervision
1010794,Egypt,All Ages


1010121,elCinema.com,Adult Supervision
1005574,elCinema.com,Family (all ages)

1010104,elCinema.com,Family (all ages)
1011559,Egypt,All Ages
1000443,Egypt,All Ages
1002728,elCinema.com,Adult Supervision
1768994,Egypt,All Ages
1009233,Egypt,+12

1005297,elCinema.com,Family (all ages)
1003979,Egypt,All Ages



1278559,elCinema.com,Adult Supervision





1010645,elCinema.com,Family (all ages)
1006267,Egypt,All Ages
















1009102,Egypt,+16



1980627,elCinema.com,Adult Supervision









1010683,elCinema.com,Family (all ages)
1199266,Egypt,All Ages


1000697,Egypt,+18






1478020,elCinema.com,Adult Supervision
1005860,Egypt,+18

1009179,Egypt,All Ages
1001709,Egypt,All Ages



1531451,elCinema.com,Adult Supervision
1008009,Egypt,All Ages
1010570,elCinema.com,Family (all ages)


1007129,elCinema.com,Adults Only (18+)
1114659,Egypt,All Ages
1007806,Egypt,+16
1006782,Egypt,All Ages
1000056,Egypt,All Ages




1003939,Egypt,+12


1008641,elCinema.com,Adult Supervision
1010748,Egypt,All Ages


1010459,elCinema.com,Adult Supervision






1009734,elCinema.com,Family (all ages)




1011259,Egypt,All Ages
1005993,Egypt,+12
1006735,elCinema.com,Adults Only (18+)


1001650,Egypt,All Ages
1004130,Egypt,+12






1413191,elCinema.com,Adult Supervision


1010128,Egypt,All Ages
1357328,Egypt,+12
1562884,elCinema.com,Adults Only (18+)
2003818,elCinema.com,Family (all ages)

1011512,Egypt,All Ages

1003039,elCinema.com,Adult Supervision


1911758,Egypt,All Ages
1003227,elCinema.com,Adult Supervision
1117492,Egypt,All Ages



1453955,Egypt,+12
1008067,Egypt,All Ages
1311229,elCinema.com,Adult Supervision
1004004,Egypt,All Ages


1525292,Egypt,+12
1009176,elCinema.com,Family (all ages)






1558820,Egypt,All Ages









1001771,elCinema.com,Adult Supervision
1005584,elCinema.com,Adult Supervision




1004570,elCinema.com,Family (all ages)
1366657,Egypt,All Ages
1820971,Egypt,All Ages
1010193,elCinema.com,Adult Supervision



1071900,Egypt,+18

2022167,Egypt,All Ages
1009209,elCinema.com,Family (all ages)


1009210,Egypt,+12

1000356,elCinema.com,Adult Supervision
1008223,elCinema.com,Family (all ages)
1009516,elCinema.com,Adult Supervision

1002014,elCinema.com,Adult Supervision

1003285,Egypt,+16

1002271,Egypt,All Ages




1057135,Egypt,All Ages

1003354,Egypt,All Ages
1941801,Egypt,+12
1010552,elCinema.com,Adults Only (18+)

1603495,elCinema.com,Family (all ages)
1320756,elCinema.com,Adult Supervision


1009594,elCinema.com,Family (all ages)
1010681,elCinema.com,Adult Supervision

1010583,elCinema.com,Adult Supervision




1011107,Egypt,All Ages








1000537,elCinema.com,Adults Only (18+)


1003944,elCinema.com,Adults Only (18+)

1010167,elCinema.com,Family (all ages)



1009731,Egypt,+18


1001206,elCinema.com,Adult Supervision
1010685,Egypt,All Ages



1000057,Egypt,+16




1809726,elCinema.com,Adult Supervision

1005992,elCinema.com,Adult Supervision
1003206,elCinema.com,Adult Supervision
1009932,Egypt,All Ages
1005811,elCinema.com,Adult Supervision






1623483,elCinema.com,Adult Supervision




1296141,Egypt,+18

1001293,Egypt,All Ages



1010746,Egypt,All Ages




1006611,elCinema.com,Adult Supervision









1264199,Egypt,+16

1000660,Egypt,All Ages


1009357,elCinema.com,Adult Supervision


1005969,elCinema.com,Adult Supervision
1006028,Egypt,All Ages














1009937,elCinema.com,Adult Supervision



1967038,elCinema.com,Family (all ages)

1910347,elCinema.com,Adult Supervision
1000131,elCinema.com,Family (all ages)






1010679,Egypt,+18

1008814,elCinema.com,Family (all ages)
1000016,Egypt,All Ages


1009590,Egypt,+18
















1003412,Egypt,+16
1006067,Egypt,+12




1004170,elCinema.com,Adults Only (18+)
1007789,Egypt,All Ages
1005445,elCinema.com,Adult Supervision




1009767,Egypt,All Ages

1010132,Egypt,+16
1011046,Egypt,+16


1059152,Egypt,All Ages


1010657,elCinema.com,Adult Supervision

1011524,elCinema.com,Family (all ages)
1000299,elCinema.com,Adult Supervision
1368796,elCinema.com,Adult Supervision

1010098,elCinema.com,Family (all ages)

1009626,Egypt,+16


1010025,elCinema.com,Adults Only (18+)
1010805,elCinema.com,Adults Only (18+)
1010678,elCinema.com,Adult Supervision
1001068,Egypt,+12








1011287,elCinema.com,Adults Only (18+)
1004266,elCinema.com,Family (all ages)



1010763,elCinema.com,Adult Supervision




1002978,elCinema.com,Family (all ages)




1003477,elCinema.com,Family (all ages)

1010045,elCinema.com,Family (all ages)
1010183,elCinema.com,Adults Only (18+)
1008570,Egypt,All Ages

1000868,elCinema.com,Family (all ages)

1011104,Egypt,+16





1000863,elCinema.com,Adults Only (18+)








1011247,Egypt,All Ages

1007811,Egypt,All Ages
1009065,elCinema.com,Adult Supervision









1483162,Egypt,All Ages



1006343,elCinema.com,Adult Supervision







1002048,Egypt,All Ages









2008938,Egypt,All Ages











1085483,Egypt,+16
1452048,elCinema.com,Adult Supervision

1010125,MPAA,PG-13



1005197,Egypt,+12


1009124,elCinema.com,Family (all ages)






1001958,elCinema.com,Family (all ages)
1007572,elCinema.com,Family (all ages)
1011441,Egypt,+16



1529320,Egypt,All Ages

1010028,elCinema.com,Adult Supervision

1484692,elCinema.com,Adult Supervision

1007017,Egypt,All Ages



1389835,Egypt,+12

1011565,Egypt,+18


1115363,elCinema.com,Adult Supervision
1008047,Egypt,All Ages






1005252,Egypt,All Ages

1003967,Egypt,All Ages


1002289,elCinema.com,Adult Supervision



1010126,elCinema.com,Family (all ages)

1011094,Egypt,+12

1837207,Egypt,All Ages
1006394,Egypt,All Ages


1010185,Egypt,+18

1278971,elCinema.com,Adult Supervision

1004077,Egypt,All Ages
1006890,elCinema.com,Adult Supervision
1854843,elCinema.com,Family (all ages)




1006391,Egypt,All Ages
1000077,Egypt,+12


1744727,Egypt,All Ages


1281179,elCinema.com,Adult Supervision
1464707,Egypt,All Ages
1001471,Egypt,+16






1005476,Egypt,All Ages



1098605,Egypt,All Ages
1001504,elCinema.com,Family (all ages)



1011108,Egypt,+12




1003343,Egypt,All Ages




1008903,Egypt,All Ages
1010832,elCinema.com,Adult Supervision
1000590,Egypt,All Ages

1007209,Egypt,All Ages

1002491,Egypt,All Ages
1501106,elCinema.com,Family (all ages)
1246155,elCinema.com,Adult Supervision
1070630,Egypt,All Ages
1008918,elCinema.com,Adults Only (18+)

1966695,Egypt,All Ages


1001502,elCinema.com,Family (all ages)
1011179,Egypt,All Ages

1006672,elCinema.com,Adults Only (18+)



1006616,elCinema.com,Family (all ages)
1010546,elCinema.com,Family (all ages)

1011245,Egypt,+18
1258107,elCinema.com,Adult Supervision
1004835,Egypt,All Ages
1040983,Egypt,All Ages

1000156,elCinema.com,Family (all ages)

1958691,elCinema.com,Adult Supervision
1003061,elCinema.com,Adult Supervision
1770629,elCinema.com,Adult Supervision


1576588,elCinema.com,Adult Supervision

1011395,elCinema.com,Adult Supervision
1002756,elCinema.com,Adult Supervision
1683924,Egypt,All Ages
1007418,elCinema.com,Adults Only (18+)
1005240,Egypt,All Ages
1005191,elCinema.com,Adult Supervision
1003458,Egypt,All Ages








1220802,Egypt,All Ages



1002459,elCinema.com,Adults Only (18+)
1008481,elCinema.com,Adult Supervision

1568354,elCinema.com,Family (all ages)
1528869,elCinema.com,Family (all ages)
1031029,Egypt,All Ages

1549917,Egypt,All Ages
2005680,elCinema.com,Adult Supervision
1002242,Egypt,All Ages
1009925,Egypt,All Ages
2018869,elCinema.com,Adults Only (18+)

1005995,elCinema.com,Family (all ages)





1045821,elCinema.com,Family (all ages)

1003520,Egypt,+16
1176476,Egypt,All Ages


1010912,Egypt,All Ages
1404370,elCinema.com,Adult Supervision
1341773,Egypt,All Ages

1525342,Egypt,All Ages

1255272,Egypt,All Ages

1001906,elCinema.com,Adult Supervision

1736637,Egypt,All Ages
1232928,elCinema.com,Family (all ages)

1163812,Egypt,All Ages
1000036,Egypt,All Ages
1006736,Egypt,+16
1005828,Egypt,All Ages
1000357,Egypt,+12
1104417,elCinema.com,Family (all ages)
1011288,elCinema.com,Adult Supervision

1011113,Egypt,All Ages





2004715,Egypt,+12

1006424,elCinema.com,Family (all ages)



1524958,Egypt,All Ages

1011183,Egypt,All Ages
1007494,elCinema.com,Family (all ages)
1011315,Egypt,All Ages
1162127,Egypt,+12



1009810,Egypt,All Ages
1010245,elCinema.com,Adult Supervision

1010042,elCinema.com,Family (all ages)

1006758,Egypt,All Ages
1000376,Egypt,All Ages
1000071,Egypt,All Ages




1009802,Egypt,All Ages
1001881,elCinema.com,Family (all ages)
1007686,Egypt,+12
1001764,Egypt,All Ages




1011265,Egypt,All Ages
1003016,elCinema.com,Family (all ages)








1007652,Egypt,All Ages

1009049,Egypt,All Ages
1007325,Egypt,+12
1000377,elCinema.com,Family (all ages)
1002445,Egypt,All Ages
1598699,MPAA,NR
1243706,elCinema.com,Family (all ages)

1011182,elCinema.com,Adult Supervision
1879497,elCinema.com,Family (all ages)
1006597,elCinema.com,Family (all ages)
1010158,elCinema.com,Family (all ages)




1398080,Egypt,All Ages
1003032,Egypt,All Ages
1000013,Egypt,All Ages


1849471,Egypt,All Ages


1009243,elCinema.com,Family (all ages)
1009688,Egypt,+16




1000388,Egypt,All Ages











1006402,Egypt,All Ages
1002167,Egypt,All Ages
1006261,Egypt,All Ages
1004469,Egypt,All Ages

1007670,Egypt,All Ages





1011440,Egypt,All Ages


1656485,elCinema.com,Family (all ages)

1010140,Egypt,All Ages

1010485,elCinema.com,Family (all ages)

1011083,elCinema.com,Family (all ages)

1000325,elCinema.com,Family (all ages)



1002040,elCinema.com,Adult Supervision
1435511,elCinema.com,Family (all ages)

1003645,Egypt,All Ages
1005404,Egypt,All Ages


1011187,elCinema.com,Family (all ages)
1133451,Egypt,All Ages

1773980,elCinema.com,Family (all ages)

1011058,elCinema.com,Family (all ages)
1001323,Egypt,All Ages
1009887,Egypt,All Ages
1001377,Egypt,All Ages
1006708,elCinema.com,Family (all ages)
1000084,Egypt,All Ages
1866172,Egypt,All Ages
1005364,Egypt,All Ages







1006981,elCinema.com,Adult Supervision
1008800,Egypt,+12
1002292,elCinema.com,Adult Supervision


1002395,elCinema.com,Adult Supervision

1000612,Egypt,All Ages
1002641,Egypt,All Ages
1010046,elCinema.com,Adult Supervision
1421955,elCinema.com,Family (all ages)

1001233,Egypt,+12


1006108,elCinema.com,Family (all ages)
1827666,Egypt,All Ages
1008074,elCinema.com,Adults Only (18+)

1002666,Egypt,All Ages

1004488,Egypt,All Ages
1007964,Egypt,+12
1674610,Egypt,All Ages
1827364,Egypt,All Ages
1265636,elCinema.com,Family (all ages)
1443212,Egypt,All Ages
1007507,Egypt,All Ages
1534335,Egypt,All Ages

1290410,Egypt,All Ages
1011519,elCinema.com,Family (all ages)
1002331,elCinema.com,Adult Supervision

1001879,elCinema.com,Adult Supervision


1508035,Egypt,All Ages


1003498,Egypt,All Ages

1003732,Egypt,All Ages


1785643,Egypt,All Ages



1005665,Egypt,All Ages
1000162,Egypt,All Ages

1735672,elCinema.com,Adult Supervision
1011568,Egypt,All Ages
1011101,elCinema.com,Family (all ages)
1003308,Egypt,All Ages

1008634,Egypt,All Ages
1004349,elCinema.com,Family (all ages)
1010138,elCinema.com,Family (all ages)

1165846,elCinema.com,Family (all ages)
1003742,elCinema.com,Family (all ages)


1059174,Egypt,All Ages
1011180,Egypt,All Ages

1310832,Egypt,All Ages
1705136,Egypt,All Ages
1000892,Egypt,+12
1004055,Egypt,All Ages
1002784,elCinema.com,Adult Supervision
1003700,Egypt,All Ages
1003138,elCinema.com,Family (all ages)
1005846,elCinema.com,Family (all ages)
1008199,elCinema.com,Family (all ages)
1010099,elCinema.com,Family (all ages)
1000284,Egypt,All Ages
1027589,elCinema.com,Family (all ages)

1007465,Egypt,All Ages


1529059,elCinema.com,Family (all ages)
1138016,elCinema.com,Family (all ages)


1003401,Egypt,All Ages
1881914,elCinema.com,Adult Supervision
1000852,Egypt,+12


2021995,Egypt,All Ages

2021766,Egypt,All Ages
1291275,Egypt,All Ages
1003142,elCinema.com,Family (all ages)
1010484,elCinema.com,Family (all ages)
1011397,Egypt,All Ages
1004634,elCinema.com,Adult Supervision

1454449,Egypt,All Ages
1623023,Egypt,+12

1008725,elCinema.com,Family (all ages)
1011185,Egypt,All Ages
1923742,elCinema.com,Family (all ages)
1406310,Egypt,All Ages
1010006,Egypt,All Ages




1010251,Egypt,All Ages


1005179,elCinema.com,Family (all ages)
1007785,elCinema.com,Family (all ages)
1008724,elCinema.com,Family (all ages)


1011518,elCinema.com,Family (all ages)
1001058,elCinema.com,Family (all ages)
1006788,elCinema.com,Family (all ages)
1010807,elCinema.com,Family (all ages)

1009984,elCinema.com,Family (all ages)

2001545,Egypt,All Ages
1967210,Egypt,All Ages
1004960,Egypt,All Ages

1009740,Egypt,All Ages
1000279,elCinema.com,Adults Only (18+)
1576628,elCinema.com,Family (all ages)

1002937,Egypt,All Ages
1412075,Egypt,All Ages




1005104,elCinema.com,Family (all ages)







1002250,Egypt,All Ages

1007892,elCinema.com,Family (all ages)
1649169,elCinema.com,Family (all ages)
1011142,Egypt,All Ages
1322625,Egypt,All Ages
1683483,elCinema.com,Family (all ages)

1006772,elCinema.com,Family (all ages)
1006505,Egypt,All Ages
1011555,elCinema.com,Family (all ages)
1736215,elCinema.com,Family (all ages)
1113716,elCinema.com,Family (all ages)
1880202,elCinema.com,Family (all ages)

1005272,elCinema.com,Family (all ages)
1010044,elCinema.com,Family (all ages)
1008368,elCinema.com,Family (all ages)
1011112,Egypt,All Ages

1007897,Egypt,All Ages
1004923,elCinema.com,Family (all ages)

1001932,Egypt,All Ages
1003271,Egypt,All Ages

1004836,elCinema.com,Family (all ages)




1994453,Egypt,All Ages
1005610,Egypt,All Ages
1008794,Egypt,All Ages
1359496,Egypt,All Ages
1645954,elCinema.com,Family (all ages)

1396280,elCinema.com,Family (all ages)

1313833,elCinema.com,Family (all ages)


1007528,Egypt,All Ages

1009855,elCinema.com,Family (all ages)
1002372,Egypt,All Ages
1005492,Egypt,All Ages


1417868,Egypt,All Ages





1003166,Egypt,All Ages
1006188,Egypt,All Ages
1004856,elCinema.com,Family (all ages)

1008407,elCinema.com,Family (all ages)

1284804,elCinema.com,Adult Supervision
1011184,Egypt,All Ages

1008315,elCinema.com,Adult Supervision


1008373,Egypt,+12
1009325,elCinema.com,Family (all ages)


1010483,elCinema.com,Adult Supervision
1010139,elCinema.com,Family (all ages)
1137020,Egypt,+12
1010119,Egypt,All Ages

1010181,elCinema.com,Family (all ages)
1011080,elCinema.com,Family (all ages)
1220499,Egypt,All Ages



1011396,elCinema.com,Adult Supervision


1055556,Egypt,All Ages
1001076,Egypt,All Ages
1005320,elCinema.com,Family (all ages)








1940696,Egypt,All Ages
1004218,elCinema.com,Family (all ages)
1007196,Egypt,All Ages
1009681,Egypt,All Ages
1007278,elCinema.com,Family (all ages)
1683771,Egypt,All Ages


1011566,Egypt,All Ages


1004311,Egypt,All Ages

1859197,Egypt,All Ages
1001277,elCinema.com,Family (all ages)



1011097,elCinema.com,Adult Supervision
1011675,Egypt,All Ages
1117661,Egypt,All Ages
1010058,MPAA,G
1001555,Egypt,All Ages

1002139,elCinema.com,Adult Supervision

1011326,Egypt,All Ages




1003878,Egypt,All Ages

1004785,Egypt,All Ages
1124930,elCinema.com,Adult Supervision

1006406,elCinema.com,Adult Supervision
1004280,elCinema.com,Family (all ages)
1009796,elCinema.com,Family (all ages)



1001436,elCinema.com,Family (all ages)

1847861,Egypt,All Ages


1885780,elCinema.com,Family (all ages)
1010170,elCinema.com,Family (all ages)

1005314,Egypt,All Ages
1160226,Egypt,All Ages
1824182,elCinema.com,Family (all ages)

1010210,Egypt,All Ages
1010248,elCinema.com,Family (all ages)



1531948,Egypt,All Ages
1006003,elCinema.com,Family (all ages)
1011511,Egypt,All Ages
1007539,Egypt,All Ages
1010323,Egypt,All Ages

1010296,elCinema.com,Family (all ages)

1003946,elCinema.com,Family (all ages)
1938758,Egypt,All Ages



1010041,elCinema.com,Adults Only (18+)
1005458,elCinema.com,Family (all ages)

1000374,Egypt,All Ages

1005081,elCinema.com,Adult Supervision
1010352,Egypt,All Ages


1005541,Egypt,All Ages
1000834,Egypt,All Ages
1010529,Egypt,All Ages
1010873,elCinema.com,Family (all ages)
1010884,elCinema.com,Family (all ages)

1475335,Egypt,All Ages
1301655,elCinema.com,Adult Supervision


1011090,elCinema.com,Family (all ages)

1009945,Egypt,+12
1178019,elCinema.com,Family (all ages)

1905110,elCinema.com,Adult Supervision
1681227,Egypt,All Ages
1299429,elCinema.com,Family (all ages)
1007621,Egypt,+12
1000486,elCinema.com,Family (all ages)
1004064,elCinema.com,Adult Supervision

1008962,elCinema.com,Family (all ages)
1010157,elCinema.com,Adult Supervision



1010303,Egypt,All Ages
1701408,elCinema.com,Adult Supervision



1006217,Egypt,All Ages
1008112,elCinema.com,Family (all ages)

1973288,elCinema.com,Family (all ages)
1070184,elCinema.com,Family (all ages)
1007105,elCinema.com,Family (all ages)

1004673,Egypt,All Ages
1009261,elCinema.com,Family (all ages)
1007029,Egypt,+16
1010159,elCinema.com,Adult Supervision
1008300,elCinema.com,Family (all ages)
1001701,Egypt,All Ages
1011099,elCinema.com,Family (all ages)

1001843,Egypt,All Ages
1003908,Egypt,All Ages
1538151,Egypt,All Ages
1010043,Egypt,All Ages

1010876,Egypt,All Ages
1010118,Egypt,All Ages
1010249,elCinema.com,Family (all ages)
1000735,Egypt,All Ages



1600279,elCinema.com,Family (all ages)
1008573,elCinema.com,Family (all ages)
1599874,elCinema.com,Family (all ages)
1010867,elCinema.com,Family (all ages)
1009062,Egypt,All Ages
1570921,elCinema.com,Family (all ages)
1005781,elCinema.com,Family (all ages)
1009389,elCinema.com,Family (all ages)
1003330,elCinema.com,Family (all ages)



1005834,elCinema.com,Family (all ages)
1006401,elCinema.com,Family (all ages)
1009815,elCinema.com,Adult Supervision




1003191,Egypt,All Ages
1007505,Egypt,All Ages
1003305,elCinema.com,Adult Supervision


1796447,elCinema.com,Family (all ages)
1009028,elCinema.com,Family (all ages)





1001229,Egypt,All Ages
1421298,Egypt,+12



1000781,elCinema.com,Family (all ages)
1002130,elCinema.com,Family (all ages)

1010888,Egypt,All Ages
1779468,elCinema.com,Family (all ages)



1004111,elCinema.com,Family (all ages)
1000970,elCinema.com,Adult Supervision

1010802,elCinema.com,Family (all ages)
1006466,Egypt,All Ages

1007240,Egypt,All Ages
1044796,elCinema.com,Family (all ages)
1181773,Egypt,All Ages
1005176,Egypt,All Ages
1001995,elCinema.com,Adult Supervision
1006817,elCinema.com,Adults Only (18+)
1006223,Egypt,All Ages
1001256,elCinema.com,Family (all ages)

1010189,Egypt,All Ages

1000453,Egypt,All Ages

1002428,elCinema.com,Family (all ages)

1001798,Egypt,All Ages
1002905,elCinema.com,Family (all ages)

1010289,elCinema.com,Family (all ages)


1011525,Egypt,All Ages
1002252,elCinema.com,Family (all ages)




1005118,Egypt,All Ages



1006262,elCinema.com,Family (all ages)
1691366,elCinema.com,Family (all ages)
1010883,Egypt,All Ages

1010893,Egypt,All Ages


1009968,elCinema.com,Family (all ages)

1104468,Egypt,All Ages
1008241,elCinema.com,Family (all ages)

1646833,elCinema.com,Adult Supervision

1006318,Egypt,All Ages

1006574,Egypt,All Ages


1297153,elCinema.com,Adult Supervision
1391489,Egypt,All Ages

1003516,elCinema.com,Family (all ages)

1852257,Egypt,All Ages

1882532,Egypt,All Ages

1001461,elCinema.com,Family (all ages)
1001769,Egypt,All Ages






1005448,elCinema.com,Family (all ages)

1003026,elCinema.com,Family (all ages)

1447611,Egypt,All Ages



1010808,elCinema.com,Family (all ages)
1751409,Egypt,All Ages









1000401,elCinema.com,Adult Supervision
1011344,elCinema.com,Family (all ages)




1008045,elCinema.com,Family (all ages)
1181395,elCinema.com,Adult Supervision
1010316,Egypt,All Ages
1010317,Egypt,All Ages

1005564,Egypt,All Ages


1002036,elCinema.com,Adult Supervision
1005724,Egypt,All Ages
1543743,elCinema.com,Family (all ages)


1008972,Egypt,All Ages
1008892,Egypt,All Ages
1002549,elCinema.com,Family (all ages)
1004567,elCinema.com,Family (all ages)

1007238,Egypt,All Ages

1232913,Egypt,All Ages
1009973,elCinema.com,Family (all ages)
1004355,Egypt,All Ages


1422871,elCinema.com,Adult Supervision
1007885,Egypt,All Ages
1011143,elCinema.com,Family (all ages)



2001544,elCinema.com,Family (all ages)

1009294,elCinema.com,Adult Supervision

1280904,Egypt,All Ages
1011569,elCinema.com,Family (all ages)
1003657,elCinema.com,Family (all ages)
1528575,elCinema.com,Family (all ages)
1486025,elCinema.com,Family (all ages)
1002218,elCinema.com,Family (all ages)

1442848,Egypt,All Ages
1347915,Egypt,All Ages

1862907,Egypt,All Ages

1002095,Egypt,+12
1655186,elCinema.com,Family (all ages)
1008339,Egypt,All Ages
1718550,elCinema.com,Family (all ages)
1006724,Egypt,All Ages
1010878,Egypt,All Ages
1652476,Egypt,All Ages

1738108,elCinema.com,Family (all ages)

1001665,elCinema.com,Family (all ages)
1526688,Egypt,All Ages
1395555,elCinema.com,Family (all ages)


1616789,Egypt,All Ages


1393488,elCinema.com,Family (all ages)

1609739,elCinema.com,Family (all ages)


1001317,Egypt,All Ages
1052161,Egypt,All Ages
1276941,elCinema.com,Family (all ages)
1220801,Egypt,All Ages
1006259,Egypt,All Ages
1008308,Egypt,All Ages
1003579,Egypt,All Ages
1001836,Egypt,All Ages
1000831,Egypt,All Ages


1475554,elCinema.com,Family (all ages)
1001961,Egypt,All Ages
1926893,Egypt,All Ages

1010315,elCinema.com,Family (all ages)


1010330,Egypt,All Ages

1006380,elCinema.com,Family (all ages)
1251595,Egypt,All Ages

1223228,Egypt,All Ages
1063732,elCinema.com,Family (all ages)

1311085,elCinema.com,Family (all ages)
1305201,Egypt,All Ages
1002742,Egypt,All Ages
1003231,Egypt,All Ages


1249099,elCinema.com,Family (all ages)
1004369,elCinema.com,Family (all ages)
1272787,Egypt,All Ages
1010097,Egypt,All Ages

1495474,elCinema.com,Family (all ages)


1004899,Egypt,All Ages


1003145,elCinema.com,Family (all ages)
1628252,Egypt,All Ages
1010160,elCinema.com,Family (all ages)

1986209,Egypt,All Ages
1493369,Egypt,All Ages
1010074,Egypt,All Ages


1933924,elCinema.com,Family (all ages)




1985135,Egypt,All Ages
1019508,Egypt,All Ages

1426220,elCinema.com,Family (all ages)
1703405,Egypt,All Ages

1011517,Egypt,All Ages
1016215,elCinema.com,Family (all ages)
1006654,elCinema.com,Family (all ages)

1007828,Egypt,All Ages

1002697,elCinema.com,Family (all ages)

1005325,elCinema.com,Family (all ages)
1008926,elCinema.com,Family (all ages)

1004932,elCinema.com,Adult Supervision

1930654,Egypt,All Ages
1007643,Egypt,All Ages




1846654,Egypt,All Ages

1747684,Egypt,All Ages



1783034,elCinema.com,Family (all ages)


1773473,Egypt,All Ages

1877232,elCinema.com,Family (all ages)
1010297,elCinema.com,Family (all ages)



1008919,Egypt,All Ages
1005627,Egypt,All Ages

1109076,elCinema.com,Family (all ages)
1001654,elCinema.com,Family (all ages)


1046385,Egypt,+12

1161268,Egypt,All Ages


2034126,Egypt,All Ages
1004505,elCinema.com,Family (all ages)


1002826,elCinema.com,Family (all ages)
1002782,elCinema.com,Family (all ages)

1005875,Egypt,All Ages
1002412,elCinema.com,Family (all ages)

1002343,elCinema.com,Family (all ages)
1008685,Egypt,All Ages
1004158,elCinema.com,Family (all ages)
1004307,Egypt,All Ages


1008389,Egypt,All Ages
1002625,elCinema.com,Family (all ages)
1001050,Egypt,All Ages
1009142,Egypt,All Ages
1003905,elCinema.com,Family (all ages)
1004414,Egypt,All Ages
1005572,elCinema.com,Family (all ages)

1002205,Egypt,All Ages
1001147,Egypt,All Ages

1002887,Egypt,All Ages


1007933,Egypt,All Ages
1008468,elCinema.com,Family (all ages)
1009254,elCinema.com,Family (all ages)

1009507,elCinema.com,Family (all ages)


1004236,Egypt,All Ages


1005063,elCinema.com,Family (all ages)

1008609,Egypt,All Ages


1006043,elCinema.com,Family (all ages)





1004418,Egypt,All Ages
1007955,Egypt,All Ages
1003302,Egypt,All Ages

1002379,Egypt,All Ages

1007535,elCinema.com,Family (all ages)
1004165,elCinema.com,Family (all ages)
1009696,elCinema.com,Family (all ages)
1008579,Egypt,All Ages
1003165,elCinema.com,Family (all ages)



1004777,elCinema.com,Family (all ages)

1001570,Egypt,All Ages
1008998,Egypt,All Ages

1505845,Egypt,All Ages
1009273,Egypt,All Ages


1001223,elCinema.com,Family (all ages)
1000169,elCinema.com,Family (all ages)

1004954,elCinema.com,Family (all ages)



1003298,Egypt,All Ages


1000645,elCinema.com,Family (all ages)

1005930,elCinema.com,Family (all ages)

1006960,Egypt,All Ages
1003446,elCinema.com,Family (all ages)

1002897,Egypt,All Ages
1001084,elCinema.com,Family (all ages)
1006862,Egypt,All Ages
1001224,Egypt,All Ages
1002239,elCinema.com,Family (all ages)
1006140,Egypt,All Ages









1002063,elCinema.com,Family (all ages)







1006541,Egypt,All Ages




1001731,Egypt,All Ages
1003847,elCinema.com,Family (all ages)
1000523,Egypt,All Ages



1006836,elCinema.com,Family (all ages)
1009433,elCinema.com,Adult Supervision


1001021,Egypt,All Ages
1009787,Egypt,All Ages

1569505,elCinema.com,Family (all ages)
1010342,elCinema.com,Family (all ages)




1002484,elCinema.com,Family (all ages)
1170895,Egypt,All Ages
1004377,elCinema.com,Family (all ages)

1221977,elCinema.com,Family (all ages)


























1000836,elCinema.com,Family (all ages)








1009069,Egypt,All Ages


1011691,Egypt,All Ages


1003574,elCinema.com,Family (all ages)
1002450,Egypt,All Ages
1010331,Egypt,All Ages
2001548,Egypt,All Ages


2033255,Egypt,All Ages











2001548,Egypt,All Ages





1000878,elCinema.com,Family (all ages)






1003462,Egypt,All Ages



1664547,elCinema.com,Family (all ages)
1000797,Egypt,All Ages




1105895,elCinema.com,Family (all ages)



1003425,Egypt,All Ages

1002765,elCinema.com,Family (all ages)




1003228,Egypt,All Ages

1007194,Egypt,+12





















1001660,elCinema.com,Family (all ages)

1008672,Egypt,All Ages
1833934,elCinema.com,Family (all ages)
1006179,Egypt,All Ages
1581903,Egypt,All Ages
1002272,elCinema.com,Family (all ages)
1010327,Egypt,All Ages





1005029,elCinema.com,Family (all ages)


1008667,Egypt,All Ages



1000360,Egypt,All Ages


1672936,Egypt,All Ages











2010730,Egypt,All Ages

















1007515,elCinema.com,Family (all ages)

1003999,Egypt,All Ages

1002720,elCinema.com,Family (all ages)



1011672,Egypt,All Ages




1005987,elCinema.com,Adult Supervision

1488233,Egypt,All Ages

1564158,Egypt,All Ages
1010879,Egypt,All Ages

1003256,Egypt,All Ages

1530665,elCinema.com,Family (all ages)
1001936,Egypt,All Ages

1972580,elCinema.com,Family (all ages)


1899984,elCinema.com,Family (all ages)


1000510,Egypt,All Ages


1005528,Egypt,All Ages









1002639,elCinema.com,Family (all ages)



1008827,Egypt,All Ages

1009611,Egypt,All Ages

1009363,Egypt,All Ages

1717748,Egypt,All Ages
1005636,elCinema.com,Family (all ages)





1001156,Egypt,All Ages



1006178,Egypt,All Ages
1001992,elCinema.com,Family (all ages)
1008088,Egypt,All Ages
1857136,elCinema.com,Family (all ages)



1334432,elCinema.com,Family (all ages)




1002535,elCinema.com,Family (all ages)





1000527,elCinema.com,Family (all ages)





1038614,Egypt,All Ages
1388326,elCinema.com,Family (all ages)

1006176,elCinema.com,Family (all ages)
1011095,elCinema.com,Family (all ages)





1005509,elCinema.com,Family (all ages)




1395178,elCinema.com,Family (all ages)
1010328,Egypt,All Ages
1001922,Egypt,All Ages


1007406,elCinema.com,Family (all ages)








1005372,Egypt,All Ages


1763144,elCinema.com,Family (all ages)


1002400,Egypt,All Ages
1006804,Egypt,All Ages



1006604,elCinema.com,Family (all ages)

1040643,elCinema.com,Family (all ages)











1006044,elCinema.com,Family (all ages)

1001407,elCinema.com,Family (all ages)











1796516,elCinema.com,Family (all ages)
1004598,Egypt,All Ages
1010326,elCinema.com,Family (all ages)



1002658,elCinema.com,Family (all ages)




1548845,elCinema.com,Family (all ages)




1548845,elCinema.com,Family (all ages)
1001111,elCinema.com,Family (all ages)


1005927,elCinema.com,Family (all ages)












1003505,elCinema.com,Family (all ages)




1005362,Egypt,All Ages






1856172,elCinema.com,Family (all ages)


1009602,elCinema.com,Family (all ages)















1001510,elCinema.com,Family (all ages)





1004429,elCinema.com,Family (all ages)





















1004571,elCinema.com,Family (all ages)






















2044657,elCinema.com,Family (all ages)










































































1838550,Egypt,+18














